2536,Kelly,Durham,24/01/1984,risus.In@pellentesque.ca,076 1948 9096,Operative,Ismael,Reed,<td>turpis egestas. Fusce aliquet magna a neque. Nullam ut nisi</td>
2543,Velma,Colon,01/07/1994,senectus.et@magnamalesuadavel.org,0845 46 41,Operative,Agnes,Ramirez,"<td>ullamcorper viverra. Maecenas iaculis aliquet diam. Sed diam lorem, auctor</td>"
2546,Carlos,Horton,23/03/1980,natoque@estNunc.edu,(0101) 420 7158,Operative,Patrick,Wells,<td>vitae diam. Proin dolor. Nulla semper tellus id nunc interdum</td>
2555,Kimberley,Espinoza,10/07/1982,Nullam.suscipit.est@inconsectetueripsum.net,0800 1111,Operative,Jeanne,Malone,"<td>at pretium aliquet, metus urna convallis erat, eget tincidunt dui</td>"
2562,Kim,Doyle,14/08/1990,tristique@vulputate.co.uk,0500 858391,Operative,Dallas,Thomas,<td>fringilla euismod enim. Etiam gravida molestie arcu. Sed eu nibh</td>
2571,Macy,Mcdowell,12/12/1996,at.pede@enim.edu,076 4504 8121,Undercover,Claude,Ellis,"<td>risus. Donec nibh enim, gravida sit amet, dapibus id, blandit</td>"
2581,Nasim,Kirby,20/05/1991,parturient.montes@velitCraslorem.ca,070 8832 7500,Undercover,Elsie,Pratt,"<td>vulputate eu, odio. Phasellus at augue id ante dictum cursus.</td>"
2584,Nash,Curtis,05/07/1989,a.facilisis.non@a.org,076 6734 7361,Undercover,Leroy,Silva,<td>nonummy. Fusce fermentum fermentum arcu. Vestibulum ante ipsum primis in</td>
2589,Kelsey,Nunez,01/04/1987,sem@velvulputate.ca,(0111) 962 9848,Diplomat,Chelsea,Cummings,<td>non sapien molestie orci tincidunt adipiscing. Mauris molestie pharetra nibh.</td>
2599,Rose,Sims,03/03/1992,rutrum.magna@Suspendissecommodotincidunt.edu,07624 271912,Consultant,Priscilla,Watts,<td>tristique aliquet. Phasellus fermentum convallis ligula. Donec luctus aliquet odio.</td>
